{"intent_acc": 0.5722932078009415, "slot_precision": 0.4278586278586279, "slot_recall": 0.36894944424524917, "slot_f1": 0.39622641509433965, "sementic_frame_acc": 0.2807666442501681}