{"intent_acc": 0.7215870880968392, "slot_precision": 0.5663489736070382, "slot_recall": 0.5470963172804533, "slot_f1": 0.5565561959654179, "sementic_frame_acc": 0.4132481506388702}