{"intent_acc": 0.5796906523201076, "slot_precision": 0.42802596410843835, "slot_recall": 0.4012168933428776, "slot_f1": 0.4141880657675965, "sementic_frame_acc": 0.2750504371217216}