{"intent_acc": 0.5753194351042367, "slot_precision": 0.4928866452501147, "slot_recall": 0.3820704375667022, "slot_f1": 0.43046092184368734, "sementic_frame_acc": 0.29186281102891726}