{"intent_acc": 0.8862335913833727, "slot_precision": 0.776257269928156, "slot_recall": 0.8068990042674253, "slot_f1": 0.7912816041848301, "sementic_frame_acc": 0.6994278020868394}