{"intent_acc": 0.7585743106926698, "slot_precision": 0.48370273794002605, "slot_recall": 0.5359335500180571, "slot_f1": 0.5084803837587802, "sementic_frame_acc": 0.4347679892400807}