{"intent_acc": 0.47074646940147946, "slot_precision": 0.3914510686164229, "slot_recall": 0.24830538708526578, "slot_f1": 0.30386378519973806, "sementic_frame_acc": 0.20174848688634836}