{"domain_acc": 0.9232581622349377, "intent_acc": 0.8892628744530461, "slot_precision": 0.7543918918918919, "slot_recall": 0.7940967283072546, "slot_f1": 0.7737352737352738, "semantic_frame_acc": 0.6943789969707169}