{
    "intent_acc": 0.8892628744530461, 
    "slot_precision": 0.7423552374756018, 
    "slot_recall": 0.8115220483641536, 
    "slot_f1": 0.7753992524634726, 
    "sementic_frame_acc": 0.6889936048468529
}