{"intent_acc": 0.620712844653665, "slot_precision": 0.4390955506929249, "slot_recall": 0.42786069651741293, "slot_f1": 0.43340532757379413, "sementic_frame_acc": 0.30867518493611296}