{"intent_acc": 0.789172831203766, "slot_precision": 0.5596914822266935, "slot_recall": 0.5916341722793336, "slot_f1": 0.575219713941065, "sementic_frame_acc": 0.4811701412239408}