{"intent_acc": 0.7932078009414929, "slot_precision": 0.5371900826446281, "slot_recall": 0.5820200573065902, "slot_f1": 0.5587072374075984, "sementic_frame_acc": 0.46234028244788167}