{"intent_acc": 0.7689979825151312, "slot_precision": 0.5533515731874145, "slot_recall": 0.5753911806543386, "slot_f1": 0.5641562064156207, "sementic_frame_acc": 0.4636852723604573}