{"intent_acc": 0.7555480833893746, "slot_precision": 0.4949263502454992, "slot_recall": 0.5388453314326443, "slot_f1": 0.5159529090598874, "sementic_frame_acc": 0.437457969065232}