{"intent_acc": 0.5585070611970411, "slot_precision": 0.35815868263473055, "slot_recall": 0.34166369153873616, "slot_f1": 0.3497167915220172, "sementic_frame_acc": 0.2511768661735037}