{"intent_acc": 0.7162071284465367, "slot_precision": 0.4125230202578269, "slot_recall": 0.4767648102163888, "slot_f1": 0.44232351489221655, "sementic_frame_acc": 0.3655010087424344}