{"intent_acc": 0.6005379959650302, "slot_precision": 0.4308880308880309, "slot_recall": 0.3972944108223567, "slot_f1": 0.4134098907205038, "sementic_frame_acc": 0.2921990585070612}