{"intent_acc": 0.8813046402151984, "slot_precision": 0.640502354788069, "slot_recall": 0.7246891651865008, "slot_f1": 0.6799999999999999, "sementic_frame_acc": 0.6160053799596503}