{"intent_acc": 0.6735036987222596, "slot_precision": 0.4531572430870821, "slot_recall": 0.3961038961038961, "slot_f1": 0.42271414821944175, "sementic_frame_acc": 0.32750504371217215}