{
    "intent_acc": 0.6439139206455952,
    "slot_precision": 0.5092524056254626,
    "slot_recall": 0.4909026043524795,
    "slot_f1": 0.4999091734786557,
    "sementic_frame_acc": 0.3523873570948218
}