{"intent_acc": 0.7478143913920645, "slot_precision": 0.3044189852700491, "slot_recall": 0.3967294703163882, "slot_f1": 0.3444976076555024, "sementic_frame_acc": 0.33725622057834564}