{"intent_acc": 0.46099529253530597, "slot_precision": 0.2197769953051643, "slot_recall": 0.2656970556935083, "slot_f1": 0.24056528023125098, "sementic_frame_acc": 0.14391392064559516}