{"intent_acc": 0.6418964357767317, "slot_precision": 0.40943396226415096, "slot_recall": 0.38916786226685796, "slot_f1": 0.3990437660904744, "sementic_frame_acc": 0.304640215198386}