{"intent_acc": 0.5736381977135171, "slot_precision": 0.3859176606387072, "slot_recall": 0.36079136690647484, "slot_f1": 0.37293177170477787, "sementic_frame_acc": 0.2706792199058507}