{"intent_acc": 0.6378614660390047, "slot_precision": 0.47435431065842126, "slot_recall": 0.4630681818181818, "slot_f1": 0.46864330637915547, "sementic_frame_acc": 0.32817753866846}