{"intent_acc": 0.5635507733691997, "slot_precision": 0.6210374639769453, "slot_recall": 0.3261445327279606, "slot_f1": 0.4276854378566113, "sementic_frame_acc": 0.27202420981842634}