{"intent_acc": 0.675857431069267, "slot_precision": 0.5025547445255475, "slot_recall": 0.48743362831858406, "slot_f1": 0.49487870619946095, "sementic_frame_acc": 0.35843981170141226}