{"intent_acc": 0.6694687289845326, "slot_precision": 0.4498407643312102, "slot_recall": 0.4018492176386913, "slot_f1": 0.4244928625093914, "sementic_frame_acc": 0.339946200403497}