{"intent_acc": 0.6082716879623403, "slot_precision": 0.441530524505589, "slot_recall": 0.36796847008240774, "slot_f1": 0.4014070744576901, "sementic_frame_acc": 0.29993275050437124}