{"intent_acc": 0.66408876933423, "slot_precision": 0.4696917215102182, "slot_recall": 0.48480514837325706, "slot_f1": 0.47712878254750174, "sementic_frame_acc": 0.35608607935440484}