{"intent_acc": 0.722932078009415, "slot_precision": 0.5297256097560976, "slot_recall": 0.5005401512423479, "slot_f1": 0.5147194963895575, "sementic_frame_acc": 0.410221923335575}