{"intent_acc": 0.7686617350369872, "slot_precision": 0.5125128556736372, "slot_recall": 0.5327868852459017, "slot_f1": 0.5224532587803599, "sementic_frame_acc": 0.4367854741089442}