{"intent_acc": 0.8096839273705447, "slot_precision": 0.5459674742781281, "slot_recall": 0.5845771144278606, "slot_f1": 0.5646130084091299, "sementic_frame_acc": 0.4932750504371217}