{"intent_acc": 0.4088769334229993, "slot_precision": 0.2551873645091359, "slot_recall": 0.2934472934472934, "slot_f1": 0.2729832698360112, "sementic_frame_acc": 0.1593813046402152}