{"intent_acc": 0.777067921990585, "slot_precision": 0.5073333333333333, "slot_recall": 0.5406749555950267, "slot_f1": 0.5234737747205502, "sementic_frame_acc": 0.44821788836583726}