{"intent_acc": 0.5971755211835911, "slot_precision": 0.4011122697254084, "slot_recall": 0.41214285714285714, "slot_f1": 0.4065527567377136, "sementic_frame_acc": 0.2948890383322125}