{"intent_acc": 0.816408876933423, "slot_precision": 0.5818951481602084, "slot_recall": 0.6366227288920556, "slot_f1": 0.6080299421571963, "sementic_frame_acc": 0.5225285810356423}