{"intent_acc": 0.406186953597848, "slot_precision": 0.2917742530431575, "slot_recall": 0.2816951566951567, "slot_f1": 0.2866461315455699, "sementic_frame_acc": 0.17215870880968392}