{"intent_acc": 0.7330195023537324, "slot_precision": 0.6439628482972136, "slot_recall": 0.3834808259587021, "slot_f1": 0.48070256528772826, "sementic_frame_acc": 0.3853396099529254}