{"intent_acc": 0.7145258910558171, "slot_precision": 0.4538166608574416, "slot_recall": 0.4645023189439886, "slot_f1": 0.4590973201692524, "sementic_frame_acc": 0.37525218560860796}