{"intent_acc": 0.6186953597848016, "slot_precision": 0.4380714879467997, "slot_recall": 0.3784560143626571, "slot_f1": 0.40608745906376426, "sementic_frame_acc": 0.3073301950235373}