{"intent_acc": 0.6701412239408204, "slot_precision": 0.4958490566037736, "slot_recall": 0.46595744680851064, "slot_f1": 0.48043875685557585, "sementic_frame_acc": 0.36785474108944183}