{"intent_acc": 0.7659717552118359, "slot_precision": 0.5223168654173765, "slot_recall": 0.5586734693877551, "slot_f1": 0.5398837823560486, "sementic_frame_acc": 0.44082044384667113}