{"intent_acc": 0.6314727639542703, "slot_precision": 0.37486298867373036, "slot_recall": 0.36408800567778565, "slot_f1": 0.36939693969396936, "sementic_frame_acc": 0.2992602555480834}