{"intent_acc": 0.7938802958977808, "slot_precision": 0.44433962264150945, "slot_recall": 0.5048231511254019, "slot_f1": 0.4726542900150527, "sementic_frame_acc": 0.42938802958977806}