{"intent_acc": 0.6987222595830531, "slot_precision": 0.4965960665658094, "slot_recall": 0.4702722063037249, "slot_f1": 0.48307579102281084, "sementic_frame_acc": 0.3675184936112979}