{"intent_acc": 0.5464021519838601, "slot_precision": 0.4797919167667067, "slot_recall": 0.43253968253968256, "slot_f1": 0.45494213621703666, "sementic_frame_acc": 0.30363147276395425}