{"intent_acc": 0.7797579018157363, "slot_precision": 0.54, "slot_recall": 0.55749377002492, "slot_f1": 0.5486074619022597, "sementic_frame_acc": 0.4704102219233356}