{"intent_acc": 0.7182246133154001, "slot_precision": 0.5040705563093623, "slot_recall": 0.5278863232682061, "slot_f1": 0.5157036265833768, "sementic_frame_acc": 0.39576328177538667}