{"intent_acc": 0.7545393409549428, "slot_precision": 0.5689530685920577, "slot_recall": 0.5644699140401146, "slot_f1": 0.5667026249550521, "sementic_frame_acc": 0.4475453934095494}