{"intent_acc": 0.5837256220578345, "slot_precision": 0.6050314465408805, "slot_recall": 0.34529791816223976, "slot_f1": 0.4396709323583181, "sementic_frame_acc": 0.2726967047747142}